
--- Bảng QTV
CREATE TABLE QTV(
	MaQTV VARCHAR(50) PRIMARY KEY,
	MkQTV VARCHAR(512) NOT NULL,
	TenQTV NVARCHAR(256) NOT NULL, 
);


INSERT INTO QTV (MaQTV, MkQTV, TenQTV) VALUES
('QTV001', 'qtvvns111', N'Nguyễn Văn Hải'),
('QTV002', 'imnotbich8', N'Lê Thị Bích'),
('QTV003', 'duonglatoi55', N'Trần Văn Dương'),
('QTV004', 'hoanganh4477', N'Phạm Hoàng Anh'),
('QTV005', 'thudang17', N'Đặng Thị Thu'),
('QTV006', 'tammua123', N'Vũ Minh Tâm'),
('QTV007', 'huytrinh98', N'Trịnh Thanh Huy'),
('QTV008', 'lanlanlan99', N'Ngô Thị Lan'),
('QTV009', 'duongdenngayvinhquang', N'Tạ Quang Vinh'),
('QTV010', 'divephuongnam', N'Bùi Phương Nam');


---Bảng GV
CREATE TABLE GiangVien(
	MaGV VARCHAR(50) PRIMARY KEY,
	MkGV VARCHAR(512) NOT NULL,
	TenGV NVARCHAR(256) NOT NULL,
	MailGV VARCHAR(256) UNIQUE NOT NULL,
	CONSTRAINT check_Email CHECK (MailGV LIKE '%_@__%.%.%')
);
-- Thêm dữ liệu vào bảng GiangVien với mã giảng viên theo định dạng "mã đơn vị + STT"
INSERT INTO GiangVien (MaGV, MkGV, TenGV, MailGV) VALUES
('0170245', 'Giangvienvns', N'Nguyễn Trung Anh', 'nguyentrunganh@tc.neu.edu.vn'),
('0230892', 'vovang123', N'Nguyễn Văn An', 'nguyenvanan@tc.neu.edu.vn'),
('0380213', 'bichyeu456', N'Trần Thị Bích', 'tranthibich@tc.neu.edu.vn'),
('0450467', 'cuongminh789', N'Phạm Minh Cường', 'phamminhcuong@tc.neu.edu.vn'),
('0190845', 'dung12345', N'Nguyễn Thị Dung', 'nguyenthidung@tc.neu.edu.vn'),
('0500381', 'hungyeuthuong', N'Trần Văn Hưng', 'tranvanhung@tc.neu.edu.vn'),
('0550890', 'khanh7890', N'Nguyễn Quốc Khánh', 'nguyenquockhanh@tc.neu.edu.vn'),
('0400265', 'maitinhyeu', N'Phạm Thị Mai', 'phamthimai@tc.neu.edu.vn'),
('0170917', 'namdepzai', N'Nguyễn Văn Nam', 'nguyenvannam@tc.neu.edu.vn'),
('0190574', 'oanhhoccay', N'Trần Thị Oanh', 'tranthioanh@tc.neu.edu.vn'),
('0470483', 'phubongem', N'Nguyễn Minh Phú', 'nguyenminhphu@tc.neu.edu.vn'),
('0530248', 'quyenmimi', N'Phạm Thị Quyên', 'phamthiquyen@tc.neu.edu.vn'),
('0200759', 'sonyeuthuong', N'Nguyễn Văn Sơn', 'nguyenvanson@tc.neu.edu.vn'),
('0230503', 'tamthich', N'Trần Thị Tâm', 'tranthitam@tc.neu.edu.vn'),
('0510487', 'taiminh', N'Phạm Minh Tài', 'phamminhtai@tc.neu.edu.vn'),
('0520258', 'uyenthuy', N'Nguyễn Thị Uyen', 'nguyenthiuyen@tc.neu.edu.vn'),
('0170826', 'vutram888', N'Trần Văn Vũ', 'tranvanu@tc.neu.edu.vn'),
('0230981', 'datyeuthuong', N'Nguyễn Văn Đạt', 'nguyenvandat@tc.neu.edu.vn'),
('0190426', 'hongnhung', N'Phạm Thị Hồng', 'phamthihong@tc.neu.edu.vn'),
('0330057', 'hoaminh', N'Trần Minh Hòa', 'tranminhh@tc.neu.edu.vn'),
('0560054', 'thangyeu', N'Nguyễn Quốc Thắng', 'nguyenquocthang@tc.neu.edu.vn'),
('0270375', 'linhdeptrai', N'Phạm Văn Linh', 'phamvanlinh@tc.neu.edu.vn'),
('0390492', 'hangxuong', N'Nguyễn Thị Hằng', 'nguyenthihang@tc.neu.edu.vn'),
('0220530', 'tungcute', N'Trần Văn Tùng', 'tranvantung@tc.neu.edu.vn'),
('0430031', 'kieutran', N'Phạm Thị Kiều', 'phamthikieu@tc.neu.edu.vn'),
('0550784', 'quangnho', N'Nguyễn Văn Quang', 'nguyenvanquang@tc.neu.edu.vn'),
('0190429', 'ngocngang', N'Trần Thị Ngọc', 'tranthingoc@tc.neu.edu.vn'),
('0520561', 'hainguyen', N'Nguyễn Văn Hải', 'nguyenvanhai@tc.neu.edu.vn'),
('0340740', 'tuanthang', N'Phạm Minh Tuấn', 'phamminhtuan@tc.neu.edu.vn'),
('0310946', 'huypham', N'Nguyễn Quốc Huy', 'nguyenquochuy@tc.neu.edu.vn');





--- Bảng SV


CREATE TABLE SinhVien(
	MaSV VARCHAR(50) PRIMARY KEY,
	MkSV VARCHAR(512) NOT NULL,
TenSV NVARCHAR(256) NOT NULL,
MailSV VARCHAR(256) UNIQUE NOT NULL,
CONSTRAINT check_Email_SV CHECK (MailSV LIKE '%[A-Za-z0-9._%+-]@__%.__%')
)

INSERT INTO SinhVien (MaSV, MkSV, TenSV, MailSV) VALUES
('11228686', 'tolasinhvienneu', N'Phạm Ngân Trang', '11228686@st.neu.edu.vn'),
('11228601', 'minhchot888', N'Trần Thị Minh', '11228601@st.neu.edu.vn'),
('11228602', 'anvanng45', N'Nguyễn Văn An', '11228602@st.neu.edu.vn'),
('11228603', 'hoahauphuongham', N'Phạm Thị Hương', '11228603@st.neu.edu.vn'),
('11228604', 'motbonghoa111', N'Nguyễn Thị Hoa', '11228604@st.neu.edu.vn'),
('11228605', 'baosnam1998', N'Trần Văn Bảo', '11228605@st.neu.edu.vn'),
('11228606', 'tolakhoi', N'Nguyễn Minh Khôi', '11228606@st.neu.edu.vn'),
('11228607', 'tuanquocnpham00', N'Phạm Quốc Tuấn', '11228607@st.neu.edu.vn'),
('11228608', 'domdomj97', N'Trần Thị Mai', '11228608@st.neu.edu.vn'),
('11228609', 'skyoi5555', N'Nguyễn Văn Hùng', '11228609@st.neu.edu.vn'),
('11228610', 'kimchiratngon', N'Phạm Thị Kim', '11228610@st.neu.edu.vn'),
('11228611', 'chichiemem', N'Nguyễn Văn Hải', '11228611@st.neu.edu.vn'),
('11228612', 'maidinh8686', N'Trần Thị Phương', '11228612@st.neu.edu.vn'),
('11228613', '123568', N'Nguyễn Thị Lệ', '11228613@st.neu.edu.vn'),
('11228614', 'password', N'Phạm Văn Điền', '11228614@st.neu.edu.vn'),
('11228615', '123123', N'Trần Minh Tâm', '11228615@st.neu.edu.vn'),
('11228616', 'tinh123', N'Nguyễn Văn Tính', '11228616@st.neu.edu.vn'),
('11228617', 'iloveyou', N'Phạm Minh Thư', '11228617@st.neu.edu.vn'),
('11228618', 'letmein', N'Nguyễn Văn Đạt', '11228618@st.neu.edu.vn'),
('11228619', 'qwerty', N'Trần Thị Tâm', '11228619@st.neu.edu.vn'),
('11228620', '111111', N'Nguyễn Thị Hằng', '11228620@st.neu.edu.vn'),
('11228621', '12345', N'Phạm Văn An', '11228621@st.neu.edu.vn'),
('11228622', 'sunshine', N'Nguyễn Văn Phúc', '11228622@st.neu.edu.vn'),
('11228623', 'hello123', N'Trần Thị Cúc', '11228623@st.neu.edu.vn'),
('11228624', 'abcdef', N'Nguyễn Thị Lý', '11228624@st.neu.edu.vn'),
('11228625', 'letmein123', N'Phạm Văn Hào', '11228625@st.neu.edu.vn'),
('11228626', 'qwerty123', N'Nguyễn Thị Bích', '11228626@st.neu.edu.vn'),
('11228627', 'trustno1', N'Trần Văn Khoa', '11228627@st.neu.edu.vn'),
('11228628', 'monkey', N'Nguyễn Minh Nhật', '11228628@st.neu.edu.vn'),
('11228629', 'password123', N'Phạm Thị Vân', '11228629@st.neu.edu.vn');




--- Bảng môn học
CREATE TABLE MonHoc(
	MaMon VARCHAR(50) PRIMARY KEY,
	TenMon NVARCHAR(256) NOT NULL
);

INSERT INTO MonHoc (MaMon, TenMon) VALUES
('TIKT30', N'Cơ sở dữ liệu'),
	('CNTT28', N'Cơ sở lập trình'),
	('TIHT13', N'Phát triển ứng dụng trong quản lý'),
	('CNTT07', N'Hệ điều hành'),
	('TIHT22', N'Quản trị tri thức'),
	('TIHT06', N'Tiếng Anh ngành Hệ thống thông tin quản lý'),
	('TIHT02', N'Hệ thống thông tin quản lý'),
	('TIHT04', N'Kỹ nghệ phần mềm'),
	('KTKE01', N'Nguyên lý kế toán'),
	('LLDL02', N'Lịch sử Đảng Cộng sản Việt Nam'),
	('KHMI01', N'Kinh tế vi mô 1'),
	('KHMA01', N'Kinh tế vĩ mô 1'),
	('TIHT19', N'Kế toán máy'),
	('TIKT24', N'Ứng dụng cơ sở dữ liệu'),
	('TIKT33', N'Ngôn ngữ mô hình hóa thống nhất'),
	('LLNL07', N'Chủ nghĩa xã hội khoa học'),
	('TIKT32', N'Marketing trực tuyến'),
	('TKKD29', N'Thống kê trong kinh tế và kinh doanh'),
	('TIKT09', N'Tin học đại cương'),
	('LUCS29', N'Pháp luật đại cương');



--- Bảng lớp HP 
CREATE TABLE LopHP(
	MaLHP VARCHAR(50) PRIMARY KEY,
	TenLHP NVARCHAR(256) NOT NULL,
	MaGV VARCHAR(50) REFERENCES GiangVien(MaGV) ON DELETE CASCADE,
	MaMon VARCHAR(50) REFERENCES MonHoc(MaMon) ON DELETE CASCADE
);


INSERT INTO LopHP (MaLHP, TenLHP, MaGV, MaMon) VALUES
('TIKT3001', N'Cơ sở dữ liệu 01', '0170245', 'TIKT30'),
('TIKT3002', N'Cơ sở dữ liệu 02', '0170245', 'TIKT30'),
('TIKT3003', N'Cơ sở dữ liệu 03', '0170245', 'TIKT30'),
('CNTT2801', N'Cơ sở lập trình 01', '0170245', 'CNTT28'),
('CNTT2802', N'Cơ sở lập trình 02', '0170826', 'CNTT28'),
('TIHT1301', N'Phát triển ứng dụng trong quản lý 01', '0170826', 'TIHT13'),
('TIHT1302', N'Phát triển ứng dụng trong quản lý 02', '0170826', 'TIHT13'),
('LUCS2901', N'Pháp luật đại cương 01', '0200759', 'LUCS29'),
('LUCS2902', N'Pháp luật đại cương 02', '0200759', 'LUCS29');

--- Bảng ngân hàng câu hỏi
CREATE TABLE NHCauHoi(
	MaNHCauHoi VARCHAR(50) PRIMARY KEY,
	TenNHCauHoi NVARCHAR(512) NOT NULL,
	MaGV VARCHAR(50) REFERENCES GiangVien(MaGV) ON DELETE CASCADE,
	MaMon VARCHAR(50) REFERENCES MonHoc(MaMon) ON DELETE CASCADE
);



INSERT INTO NHCauHoi (MaNHCauHoi, TenNHCauHoi, MaGV, MaMon) VALUES
('CNTT28_0245', N'Câu hỏi về Cơ sở lập trình', '0170245', 'CNTT28'),
('TIHT02_0245', N'Tổng hợp câu hỏi hệ thống thông tin quản lý', '0170245', 'TIHT02');

--- Bảng chương
CREATE TABLE Chuong(
	MaChuong VARCHAR(50) PRIMARY KEY,
	TenChuong NVARCHAR(1024) NOT NULL,
	MaMon VARCHAR(50) REFERENCES MonHoc(MaMon) ON DELETE CASCADE
);


INSERT INTO Chuong (MaChuong, TenChuong, MaMon) VALUES
('CNTT28C1', N'Chương 1: Giới thiệu về lập trình', 'CNTT28'), 
('CNTT28C2', N'Chương 2: Cấu trúc dữ liệu cơ bản', 'CNTT28'),  
('CNTT28C3', N'Chương 3: Điều kiện và vòng lặp', 'CNTT28'),  
('CNTT28C4', N'Chương 4: Hàm và thủ tục', 'CNTT28'),  
('CNTT28C5', N'Chương 5: Lập trình hướng đối tượng', 'CNTT28'), 

 
('TIHT02C1', N'Chương 1: Giới thiệu về hệ thống thông tin', 'TIHT02'),
('TIHT02C2', N'Chương 2: Các thành phần của hệ thống thông tin', 'TIHT02'),
('TIHT02C3', N'Chương 3: Phân loại hệ thống thông tin', 'TIHT02'),
('TIHT02C4', N'Chương 4: Phân tích và thiết kế hệ thống thông tin', 'TIHT02'),
('TIHT02C5', N'Chương 5: Quản lý dữ liệu trong hệ thống thông tin', 'TIHT02'),
('TIHT02C6', N'Chương 6: An ninh và bảo mật hệ thống thông tin', 'TIHT02');

--- Bảng mức độ câu hỏi
CREATE TABLE MucDo (
	MaMucDo VARCHAR(50) PRIMARY KEY,
	TenMucDo NVARCHAR(64) NOT NULL
);	


INSERT INTO MucDo (MaMucDo, TenMucDo) VALUES
('NB', N'Nhận biết'),
('TH', N'Thông hiểu'),
('VD', N'Vận dụng');

--- Bảng câu hỏi
CREATE TABLE CauHoi(
	MaCauHoi VARCHAR(50) PRIMARY KEY,
	NoiDung NVARCHAR(MAX) NOT NULL,
	MaMon REFERENCES MonHoc(MaMon) ON DELETE CASCADE,
	Chuong REFERENCES Chuong(MaChuong), 
	MucDo REFERENCES MucDo(MaMucDo)
);
	

INSERT INTO CauHoi (MaCauHoi, NoiDung, MaMon, Chuong, MucDo) VALUES
('CNTT28_00001', N'Việc biên dịch một chương trình viết bằng ngôn ngữ lập trình bậc cao sang chương trình dưới dạng ngôn ngữ máy được thực hiện bởi','CNTT28', 'CNTT28C1', 'NB'),
('CNTT28_00002', N'Việc biên dịch một chương trình viết bằng ngôn ngữ lập trình bậc cao sang chương trình dưới dạng ngôn ngữ máy được thực hiện bởi', 'CNTT28', 'CNTT28C1', 'NB'),  
('CNTT28_00003', N'Ngôn ngữ lập trình được Dennish đưa ra vào năm nào?', 'CNTT28', 'CNTT28C1', 'NB'),  
('CNTT28_00004', N'Ngôn ngữ lập trình C được xếp vào loại ngôn ngữ lập trình nào?', 'CNTT28', 'CNTT28C1', 'NB'),  
('CNTT28_00005', N'Phạm vi biểu diễn của kiểu dữ liệu signed char là?', 'CNTT28', 'CNTT28C3', 'TH'),  
('CNTT28_00006', N'Phạm vi biến khi khai báo với từ khóa extern có thẻ truy cập từ', 'CNTT28', 'CNTT28C5', 'TH'),  
('CNTT28_00007', N'Trong những thành phần sau, chỉ ra một thành phần KHÔNG thuộc dãy?', 'CNTT28', 'CNTT28C1', 'VD'),  
('CNTT28_00008', N'Đâu là cú pháp đúng của toán tử:', 'CNTT28', 'CNTT28C1', 'VD'),  
('CNTT28_00009', N'Tổng cộng ngôn ngữ lập trình C hỗ trợ bao nhiêu ký tự?', 'CNTT28', 'CNTT28C1', 'NB'),  
('CNTT28_00010', N'Ai là người sáng lập ra ngôn ngữ C?', 'CNTT28', 'CNTT28C1', 'TH'),  
('CNTT28_00011', N'Phát biểu nào sau đây về ngôn ngữ C là đúng?', 'CNTT28', 'CNTT28C1', 'TH'),  
('CNTT28_00012', N'Ngôn ngữ lập trình nào dưới đây là ngôn ngữ lập trình có cấu trúc?', 'CNTT28', 'CNTT28C1', 'TH'),  
('CNTT28_00013', N'Khẳng định nào sau đây về ngôn ngữ lập trình là đúng?', 'CNTT28', 'CNTT28C1', 'VD'),  
('CNTT28_00014', N'Ngôn ngữ lập trình dùng để', 'CNTT28', 'CNTT28C1', 'NB'),  
('CNTT28_00015', N'Trong những thành phần sau, chỉ ra một thành phần KHÔNG thuộc dãy?', 'CNTT28', 'CNTT28C2', 'VD'),  
('CNTT28_00016', N'Ngôn ngữ lập trình C được Dennish phát triển dựa trên ngôn ngữ lập trình nào?', 'CNTT28', 'CNTT28C3', 'NB'),  
('CNTT28_00017', N'Phần nào giúp cho chương trình dịch biết được những thông tin cơ bản của các hàm sử dụng trong chương trình?', 'CNTT28', 'CNTT28C2', 'NB'),  
('CNTT28_00018', N'Phần thân (body) của một hàm được đặt trong cặp ký hiệu nào sau đây?', 'CNTT28', 'CNTT28C2', 'NB'),
('CNTT28_00019', N'Khẳng định nào sau đây về ngôn ngữ lập trình là đúng?', 'CNTT28', 'CNTT28C2', 'NB'),
('CNTT28_00020', N'Hàm nào mà tất cả các chương trình C đều phải có?', 'CNTT28', 'CNTT28C2', 'NB'),
('CNTT28_00021', N'Cấu trúc tổng quát của 1 chương trình C gồm mấy phần?', 'CNTT28', 'CNTT28C2', 'TH'),
('CNTT28_00022', N'Điều gì không đúng với hàm main()', 'CNTT28', 'CNTT28C2', 'TH'),  
('CNTT28_00023', N'Ngôn ngữ hỗ trợ những loại chữ cái nào?', 'CNTT28', 'CNTT28C2', 'TH'),
('CNTT28_00024', N'Tên nào sau đây không thể là tên biến trong C?', 'CNTT28', 'CNTT28C2', 'VD'),
('CNTT28_00025', N'Đâu không phải là cách khai báo tên biến hợp lệ?', 'CNTT28', 'CNTT28C2', 'VD'),
('CNTT28_00026', N'Để so sánh 2 giá trị có khác nhau hay không sử dụng toán tử?', 'CNTT28', 'CNTT28C2', 'VD'),
('CNTT28_00027', N'Biểu thức có thể được hiểu là', 'CNTT28', 'CNTT28C3', 'NB'),
('CNTT28_00028', N'Biến được khai báo với từ khóa register sẽ được lưu trữ trong', 'CNTT28', 'CNTT28C3', 'NB'),
('CNTT28_00029', N'Toán tử ?', 'CNTT28', 'CNTT28C3', 'NB'),
('CNTT28_00030', N'Hằng số được khai báo bằng từ khóa', 'CNTT28', 'CNTT28C3', 'TH'),
('CNTT28_00031', N'Sự khác nhau giữa const và #define trong việc tạo ra một hằng số là gì', 'MH00', 'CNTT28C3', 'TH'),
('CNTT28_00032', N'Phạm vi biểu diễn của kiểu unsigned int đối với trình biên dịch 16-bit là', 'CNTT28', 'CNTT28C3', 'TH'),
('CNTT28_00033', N'Phạm vi biến khi khai báo với từ khóa auto', 'CNTT28', 'CNTT28C3', 'VD'),
('CNTT28_00034', N'Phạm vi biểu diễn của kiểu dữ liệu short là', 'CNTT28', 'CNTT28C3', 'VD'),
('CNTT28_00035', N'Đâu là cú pháp đúng của toán tử: ?', 'CNTT28', 'CNTT28C3', 'VD'),
('CNTT28_00036', N'Ngôn ngữ lập trình C hỗ trợ 10 ký tự chữ số là đúng hay sai', 'CNTT28', 'CNTT28C3', 'NB'),
('CNTT28_00037', N'Đâu là lệnh chính xác để truy cập vào phần tử thứ 7 của mảng a', 'CNTT28', 'CNTT28C4', 'NB'),
('CNTT28_00038', N'Đâu là cách khai báo mảng chính xác', 'CNTT28', 'CNTT28C4', 'NB'),
('CNTT28_00039', N'Từ khóa nào sau đây không phải là một khai báo lớp lưu trữ:', 'CNTT28', 'CNTT28C4', 'NB'),
('CNTT28_00040', N'Kiểu dữ liệu dấu phẩy động (chuẩn IEEE754) có độ chính xác mấy số phần thập phân', 'CNTT28', 'CNTT28C4', 'TH'),
('CNTT28_00041', N'Phạm vi biến khi khai báo với từ khóa static bên ngoài hàm', 'CNTT28', 'CNTT28C4', 'TH'),
('CNTT28_00042', N'Phạm vi biến khi khai báo với từ khóa static bên trong hàm', 'CNTT28', 'CNTT28C4', 'TH'),
('CNTT28_00043', N'Đâu là cách ép kiểu đúng', 'CNTT28', 'CNTT28C4', 'VD'),
('CNTT28_00044', N'Đâu là một khai báo đúng cho biến x', 'CNTT28', 'CNTT28C4', 'VD'),
('CNTT28_00045', N'Định dạng nào sau đây trong hàm "printf" dùng để in ra một số nguyên ?', 'CNTT28', 'CNTT28C4', 'NB'),
('CNTT28_00046', N'Cách nhập số nguyên N (từ bàn phím) nào sau đây là đúng?', 'CNTT28', 'CNTT28C4', 'NB'),
('CNTT28_00047', N'Các giá trị sau từ khóa case phải là ', 'CNTT28', 'CNTT28C5', 'NB'),
('CNTT28_00048', N'Khi nào khối mã lệnh sau while (x < 100) thực thi?', 'CNTT28', 'CNTT28C5', 'NB'),
('CNTT28_00049', N'Vòng lặp do … while được thực hiện ít nhất bao nhiêu lần?', 'CNTT28', 'CNTT28C5', 'NB'),
('CNTT28_00050', N'Phát biểu nào sau đây sai về vòng lặp for?', 'CNTT28', 'CNTT28C5', 'TH'),
('CNTT28_00051', N'Câu nào trình bày đúng cú pháp của câu lệnh if?', 'CNTT28', 'CNTT28C5', 'TH'),
('CNTT28_00052', N'Lệnh “continue” cho phép dừng câu lệnh điều khiển là đúng hay sai?', 'CNTT28', 'CNTT28C5', 'TH'),
('CNTT28_00053', N'Các tham số được cung cấp cho hàm trong quá trình thực hiện được gọi là gì?', 'CNTT28', 'CNTT28C5', 'VD'),
('CNTT28_00054', N'Kiểu trả về của hàm với nguyên mẫu: int func (char x, float v, double t); là gì?', 'CNTT28', 'CNTT28C5', 'VD'),
('CNTT28_00055', N'Các tham số sử dụng trong lời khai báo hàm được gọi là gì', 'CNTT28', 'CNTT28C5', 'VD'),
('CNTT28_00056', N'Để khai báo 1 hàm kiểm tra một mảng là tăng hay không ta dùng khai báo nào dưới đây?', 'CNTT28', 'CNTT28C5', 'VD'),


('TIHT02_00001', N'Tất cả các liệt kê sau đây đều là thành phần của một HTTT, trừ:', 'TIHT02', 'TIHT02C1', 1),
('TIHT02_00002', N'Hệ điều hành Windows 7 là một ví dụ về thành phần ________ của một HTTT', 'TIHT02', 'TIHT02C1', 1),
('TIHT02_00003', N'Một mạng xương sống để kết nối các mạng cục bộ của một tổ chức với nhau, kết nối với mạng diện rộng và mạng Internet là một ví dụ về thành phần _______ của một HTTT.', 'TIHT02', 'TIHT02C1', 1),
('TIHT02_00004', N'Một giao thức an toàn hệ thống máy tính (computer security protocol) dùng để đăng nhập là một ví dụ về thành phần ________ của HTTT. ', 'TIHT02', 'TIHT02C1', 1),
('TIHT02_00005', N'Mã khách hàng và họ tên khách hàng là ví dụ về thành phần _______ của một HTTT quản lý đơn hàng.', 'TIHT02', 'TIHT02C1', 1),
('TIHT02_00006', N'Những bản nhạc được tải về từ một trang chia sẻ âm nhạc là ví dụ minh họa về thành phần ________ của một HTTT.', 'TIHT02', 'TIHT02C1', 1),
('TIHT02_00007', N'Khẳng định nào sau đây là đúng đối với phát triển và sử dụng HTTT. ', 'TIHT02', 'TIHT02C1', 1),
('TIHT02_00008', N'Quá trình ________ chuyển dịch công việc từ con người sang máy tính.', 'TIHT02', 'TIHT02C1', 1),
('TIHT02_00009', N'Hoạt động tạo các CSDL mới hoặc cập nhật các CSDL hiện có là thách thức nhất với một doanh nghiệp. Khẳng định này là đúng hay sai?', 'TIHT02', 'TIHT02C1', 1),
('TIHT02_00010', N'Tìm giá trị trung bình của một bộ các giá trị đơn lẻ là một ví dụ về kết xuất _______ từ ________.', 'TIHT02', 'TIHT02C1', 1),
('TIHT02_00011', N' Lựa chọn nào sau đây là ví dụ về phương tiện lưu trữ có thể ghi và xóa nhiều lần?', 'TIHT02', 'TIHT02C2', 1),
('TIHT02_00012', N'Phần cứng bao gồm tất cả, trừ ________.', 'TIHT02', 'TIHT02C2', 1),
('TIHT02_00013', N'Một gigabyte tương đương 1024 GB là đúng hay sai?', 'TIHT02', 'TIHT02C2', 1),
('TIHT02_00014', N'Ứng dụng nào sau đây thường sử dụng các tệp tuần tự?', 'TIHT02', 'TIHT02C2', 1),
('TIHT02_00015', N'Hoạt động nào sau đây không liên quan đến máy chủ? ', 'TIHT02', 'TIHT02C2', 2),
('TIHT02_00016', N'Lý do chính của việc nối mạng các máy tính và các thiết bị liên quan?', 'TIHT02', 'TIHT02C2', 2),
('TIHT02_00017', N'Một ví dụ về ngôn ngữ truy vấn tin dùng để truy vấn thông tin trong một CSDL là:', 'TIHT02', 'TIHT02C2', 2),
('TIHT02_00018', N'”B2C xử lý các giao dịch mua bán hàng hóa giữa công ty và khách lẻ” là đúng hay sai', 'TIHT02', 'TIHT02C2', 3),
('TIHT02_00019', N'Trong mô hình TMĐT B2G, công ty bán hàng hóa cho ________', 'TIHT02', 'TIHT02C2', 3),
('TIHT02_00020', N'Quyết định được xác định theo một trình tự thủ tục xác định được gọi là quyết định', 'TIHT02', 'TIHT02C2', 3),
('TIHT02_00021', N'Tính lương cho công nhân được xếp vào phạm trù ra quyết định:', 'TIHT02', 'TIHT02C3', 1),
('TIHT02_00022', N'Khẳng định nào sau đây là đúng? ', 'TIHT02', 'TIHT02C3', 1),
('TIHT02_00023', N'Một trong những nhiệm vụ của chuyên gia phân tích HTTT là ________', 'TIHT02', 'TIHT02C3', 1),
('TIHT02_00024', N'________ giúp người sử dụng giải quyết các vấn đề và thực hiện công việc đào tạo', 'TIHT02', 'TIHT02C3', 2),
('TIHT02_00025', N'”Hậu cần đầu vào không là hoạt động cơ bản trong chuỗi cung cấp (chuỗi giá trị)” là đúng hay sai?', 'TIHT02', 'TIHT02C3', 2),
('TIHT02_00026', N'Đâu là một ví dụ về hoạt động chính trong chuỗi cung cấp? ', 'TIHT02', 'TIHT02C3', 2),
('TIHT02_00027', N'Quản trị quan hệ khách hàng cho phép doanh nghiệp:', 'TIHT02', 'TIHT02C3', 3),
('TIHT02_00028', N'Tất cả các thuật ngữ sau đây đều tương đương với thuật ngữ “Thương mại điện tử” (TMĐT), trừ:', 'TIHT02', 'TIHT02C3', 3),
('TIHT02_00029', N'Trình tự các công đoạn chính của TMĐT là:', 'TIHT02', 'TIHT02C3', 3),
('TIHT02_00030', N'Tất cả đều là ứng dụng thành phần trong hệ thống quản trị quan hệ khách hàng, trừ: ', 'TIHT02', 'TIHT02C3', 3),
('TIHT02_00031', N'Hệ thống dự trữ đúng thời điểm - JIT (Just - In - Time) là một ví dụ về _______. ', 'TIHT02', 'TIHT02C3', 2),
('TIHT02_00032', N' Tất cả đều là phần mềm hỗ trợ hoạt động Marketing, trừ:', 'TIHT02', 'TIHT02C4', 1),
('TIHT02_00033', N'Chi phí phát triển HTTT bao gồm: ', 'TIHT02', 'TIHT02C4', 1),
('TIHT02_00034', N'Thử nghiệm hệ thống là trách nhiệm:', 'TIHT02', 'TIHT02C4', 1),
('TIHT02_00035', N'Hạn chế của việc mua phần mềm có sẵn so với việc tự phát triển phần mềm là: ', 'TIHT02', 'TIHT02C4', 2),
('TIHT02_00036', N'Lợi ích của HTTT bao gồm:', 'TIHT02', 'TIHT02C4', 2),
('TIHT02_00037', N'Phát triển HTTT bao gồm các giai đoạn theo trình tự sau:', 'TIHT02', 'TIHT02C4', 2),
('TIHT02_00038', N'Các hoạt động chính của giai đoạn thiết kế HTTT bao gồm: ', 'TIHT02', 'TIHT02C4', 3),
('TIHT02_00039', N'Các chiến lược chuyển đổi HTTT bao gồm:', 'TIHT02', 'TIHT02C4', 3),
('TIHT02_00040', N'Để giảm thiểu sự phản ứng của người sử dụng khi triển khai HTTT, các tổ chức cóthể áp dụng các chiến lược sau:', 'TIHT02', 'TIHT02C4', 3),
('TIHT02_00041', N'________ là các chuyên gia HTTT có kiến thức cả về công nghệ và nghiệp vụ.', 'TIHT02', 'TIHT02C4', 1),
('TIHT02_00042', N'Khi một doanh nghiệp chỉ cài đặt và thử nghiệm một phần của hệ thống mới, sau đó lặp lại việc cài đặt và thử nghiệm từng phần của hệ thống mới cho tới khi hoàn tất toàn bộ hệ thống, được gọi là chuyển đổi ________.', 'TIHT02', 'TIHT02C4', 2),
('TIHT02_00043', N'Theo dõi những vấn đề trục trặc cũng như các yêu cầu đặt ra đối với hệ thống mới, được thực hiện ở giai đoạn _________ của vòng đời phát triển HTTT.', 'TIHT02', 'TIHT02C4', 2),
('TIHT02_00044', N'Tội phạm điện tử:', 'TIHT02', 'TIHT02C4', 3),
('TIHT02_00045', N'Các hệ thống thông tin xử lý đơn đặt hàng hay hệ thống thông tin xử lý đặt chỗ trong khách sạn là các HTTT quản lý. Đúng hay sai?', 'TIHT02', 'TIHT02C4', 1);


--- Bảng các phương án
CREATE TABLE PhuongAn(
	MaPhuongAn VARCHAR(50) PRIMARY KEY,
	NoiDung NVARCHAR(MAX) NOT NULL,
	MaCauHoi REFERENCES CauHoi(MaCauHoi) ON DELETE CASCADE,
	DungSai BIT DEFAULT 0 //Trường kiểu BIT (boolean), với giá trị mặc định là 0. Đánh dấu 1 nếu đây là đáp án đúng cho câu hỏi, 0 nếu là đáp án sai.
);


INSERT INTO PhuongAn (MaPhuongAn, NoiDung, MaCauHoi, DungSai) VALUES
('PA001', N'Người lập trình', 'CNTT28_00001', 0),
('PA002', N'Chương trình soạn thảo', 'CNTT28_00001', 0),
('PA003', N'Hệ điều hành', 'CNTT28_00001', 0),
('PA004', N'Chương trình dịch', 'CNTT28_00001', 1),
('PA005', N'1976', 'CNTT28_00002', 0),
('PA006', N'1972', 'CNTT28_00002', 1),
('PA007', N'1967', 'CNTT28_00002', 0),
('PA008', N'1970', 'CNTT28_00002', 0),
('PA009', N'Ngôn ngữ lập trình bậc cao', 'CNTT28_00003', 1),
('PA010', N'Ngôn ngữ máy', 'CNTT28_00003', 0),
('PA011', N'Ngôn ngữ lập trình logic', 'CNTT28_00003', 0),
('PA012', N'Hợp ngữ', 'CNTT28_00003', 0),
('PA013', N'-127 đến 128', 'CNTT28_00004', 0),
('PA014', N'0 đến 65536', 'CNTT28_00004', 0),
('PA015', N'0 đến 256', 'CNTT28_00004', 0),
('PA016', N'-128 đến 127', 'CNTT28_00004', 1),
('PA017', N'Trong khối lệnh/hàm', 'CNTT28_00005', 0),
('PA018', N'Toàn cục', 'CNTT28_00005', 0),
('PA019', N'Trong nhiều hàm', 'CNTT28_00005', 0),
('PA020', N'Trong nhiều file', 'CNTT28_00005', 1),
('PA021', N'Ngôn ngữ cấp trung', 'CNTT28_00006', 1),
('PA022', N'Hợp ngữ', 'CNTT28_00006', 0),
('PA023', N'Ngôn ngữ bậc cao', 'CNTT28_00006', 0),
('PA024', N'Ngôn ngữ máy', 'CNTT28_00006', 0),
('PA025', N'condition : expression1 ? expression2', 'CNTT28_00007', 0),
('PA026', N'condition ? expression1 : expression2', 'CNTT28_00007', 1),
('PA027', N'condition ? expression1 < expression2', 'CNTT28_00007', 0),
('PA028', N'condition = expression1 ? expression2', 'CNTT28_00007', 0),
('PA029', N'256', 'CNTT28_00008', 1),
('PA030', N'64', 'CNTT28_00008', 0),
('PA031', N'128', 'CNTT28_00008', 0),
('PA032', N'56', 'CNTT28_00008', 0),
('PA033', N'James Rumbaugh', 'CNTT28_00009', 0),
('PA034', N'', 'James Gosling', 'CNTT28_00009',0),
('PA035', N'', 'Dennis Ritchie', 'CNTT28_00009',1),
('PA036', N'', 'Martin Richard','CNTT28_00009', 0),
('PA037', N'Ngôn ngữ C hiện nay chỉ tồn tại với 1 phiên bản duy nhất', 'CNTT28_00010', 0),
('PA038', N'Máy tính có thể hiểu trực tiếp ngôn ngữ C', 'CNTT28_00010', 0),
('PA039', N'Trình biên dịch sẽ dịch ngôn ngữ C thành mã máy', 'CNTT28_00010', 1),
('PA040', N'C là hợp ngữ', 'CNTT28_00010', 0),
('PA041', N'Ngôn ngữ Cobol', 'CNTT28_00011', 0),
('PA042', N'Ngôn ngữ Assembler', 'CNTT28_00011', 0),
('PA043', N'Ngôn ngữ C và Pascal', 'CNTT28_00011', 1),
('PA044', N'Cả A, B và C', 'CNTT28_00011', 0),
('PA045', N'Máy tính có thể chạy một chương trình viết bằng ngôn ngữ Assembly', 'CNTT28_00012', 0),
('PA046', N'Để chạy một chương trình viết bằng ngôn ngữ máy thì trước hết ta phải biên dịch', 'CNTT28_00012', 0),
('PA047', N'Để chạy chương trình viết bằng ngôn ngữ lập trình bậc cao trước hết cần biên dịch hoặc thông dịch chương trình', 'CNTT28_00012', 1),
('PA048', N'Tất cả khẳng định trên là đúng', 'CNTT28_00012', 0),
('PA049', N'Dịch chương trình nguồn sang chương trình đích', 'CNTT28_00013', 0),
('PA050', N'Soạn thảo văn bản', 'CNTT28_00013', 0),
('PA051', N'Tính toán khoa học', 'CNTT28_00013', 0),
('PA052', N'Viết chương trình', 'CNTT28_00013', 1),
('PA053', N'Ngôn ngữ cấp trung', 'CNTT28_00014', 1),
('PA054', N'Hợp ngữ', 'CNTT28_00014', 0),
('PA055', N'Ngôn ngữ bậc cao', 'CNTT28_00014', 0),
('PA056', N'Ngôn ngữ máy', 'CNTT28_00014', 0),
('PA057', N'Ngôn ngữ B', 'CH15', 0),
('PA058', N'Ngôn ngữ B và BCPL', 'CNTT28_00015', 1),
('PA059', N'Ngôn ngữ DEC PDP', 'CNTT28_00015', 0),
('PA060', N'Ngôn ngữ BCPL', 'CNTT28_00015', 0),
('PA061', N'Phần khai báo các biến toàn cục', 'CNTT28_00016', 0),
('PA062', N'Phần khai báo các nguyên mẫu hàm', 'CNTT28_00016', 1),
('PA063', N'Phần nội dung của các hàm đã khai báo', 'CNTT28_00016', 0),
('PA064', N'Phần khai báo tệp tiêu đề', 'CNTT28_00016', 0),
('PA065', N' /*, */', 'CNTT28_00017', 0),
('PA066', N'{, }', 'CNTT28_00017', 1),
('PA067', N'/, \', 'CNTT28_00017', 0),
('PA068', N'[, ]', 'CNTT28_00017', 0),
('PA069', N'Máy tính có thể chạy một chương trình viết bằng ngôn ngữ Assembly', 'CNTT28_00018', 0),
('PA070', N'Để chạy chương trình viết bằng ngôn ngữ lập trình bậc cao trước hết cần biên dịch hoặc thông dịch chương trình', 'CNTT28_00018', 1),
('PA071', N'Để chạy một chương trình viết bằng ngôn ngữ máy thì trước hết ta phải biên dịch', 'CNTT28_00018', 0),
('PA072', N'Tất cả khẳng định trên là đúng', 'CNTT28_00018', 0),
('PA073', N'program()', 'CNTT28_00019', 0),
('PA074', N'system()', 'CNTT28_00019', 0),
('PA075', N'main()', 'CNTT28_00019', 1),
('PA076', N'start()', 'CNTT28_00019', 0),
('PA077', N'6', 'CNTT28_00020', 1),
('PA078', N'4', 'CNTT28_00020', 0),
('PA079', N'5', 'CNTT28_00020', 0),
('PA080', N'7', 'CNTT28_00020', 0),
('PA081', N'Hàm main() là hàm bắt buộc trong mỗi chương trình', 'CNTT28_00021', 0),
('PA082', N'Hàm main() được gọi tự động khi chương trình khởi động', 'CNTT28_00021', 0),
('PA083', N'Hàm main() là duy nhất trong 1 chương trình', 'CNTT28_00021', 0),
('PA084', N'Hàm main() không thể có tham số truyền vào', 'CNTT28_00021', 1),
('PA085', N'Chữ cái thường', 'CNTT28_00022', 0),
('PA086', N'Chữ cái thường và chữ cái hoa', 'CNTT28_00022', 1),
('PA087', N'Chữ cái thường hoặc chữ cái hoa', 'CNTT28_00022', 0),
('PA088', N'Chữ cái hoa', 'CNTT28_00022', 0),
('PA089', N'default', 'CNTT28_00023', 1),
('PA090', N'export', 'CNTT28_00023', 0),
('PA091', N'true', 'CNTT28_00023', 0),
('PA092', N'friend', 'CNTT28_00023', 0),
('PA093', N'float rate;', 'CNTT28_00024', 0),
('PA094', N'int $main;', 'CNTT28_00024', 1),
('PA095', N'int number;', 'CNTT28_00024', 0),
('PA096', N'int variable_count;', 'CNTT28_00024', 0),
('PA097', N'<>', 'CNTT28_00025', 0),
('PA098', N'≠', 'CNTT28_00025', 0),
('PA099', N'=!', 'CNTT28_00025', 0),
('PA100', N'!=', 'CNTT28_00025', 1),
('PA101', N'Một phép gán', 'CNTT28_00026', 0),
('PA102', N'Sự kết hợp của các toán hạng và toán tử', 'CNTT28_00026', 1),
('PA103', N'Một phép so sánh', 'CNTT28_00026', 0),
('PA104', N'Một hàm số có tham số', 'CNTT28_00026', 0),
('PA105', N'Thanh ghi của CPU', 'CNTT28_00027', 1),
('PA106', N'Bộ nhớ chính', 'CNTT28_00027', 0),
('PA107', N'Bộ nhớ đệm', 'CNTT28_00027', 0),
('PA108', N'Bộ nhớ ngoài', 'CNTT28_00027', 0),
('PA109', N'Là toán tử điều kiện', 'CNTT28_00028', 1),
('PA110', N' Là toán tử 1 ngôi', 'CNTT28_00028', 0),
('PA111', N' Là toán tử 2 ngôi', 'CNTT28_00028', 0),
('PA112', N'Là toán tử trả về địa chỉ của một biến', 'CNTT28_00028', 0),
('PA113', N'final', 'CNTT28_00029', 0),
('PA114', N'immutable', 'CNTT28_00029', 0),
('PA115', N'readonly', 'CNTT28_00029', 0),
('PA116', N'const', 'CNTT28_00029', 0),
('PA117', N'const khai báo hằng số, #define là một tiền xử lý thay thế', 'CNTT28_00030', 1),
('PA118', N'const khai báo ở đầu, #define có thể viết ở bất kỳ vị trí nào trong chương trình', 'CNTT28_00030', 0),
('PA119', N'const không khai báo kiểu dữ liệu, #define có khai báo kiểu dữ liệu cho hằng số đó', 'CNTT28_00030', 0),
('PA120', N'Không có sự khác nhau', 'CNTT28_00031', 0),
('PA121', N'0 đến 65536', 'CNTT28_00032', 1),
('PA122', N'-32668 đến 32667', 'CNTT28_00032', 0),
('PA123', N'-2147483648 đến 2147483647', 'CNTT28_00032', 0),
('PA124', N'0 đến 16', 'CNTT28_00032', 0),
('PA125', N'Trong nhiều hàm', 'CNTT28_00033', 0),
('PA126', N'Toàn cục', 'CNTT28_00033', 0),
('PA127', N'Trong nhiều file', 'CNTT28_00033', 0),
('PA128', N'Trong khối lệnh/hàm', 'CNTT28_00033', 1),
('PA129', N'0 đến 2147483647', 'CNTT28_00034', 0),
('PA130', N'-128 đến 127', 'CNTT28_00034', 0),
('PA131', N'-32668 đến 32667', 'CNTT28_00034', 1),
('PA132', N'0 đến 65536', 'CNTT28_00034', 0),
('PA133', N'condition : expression1 ? expression2', 'CNTT28_00035', 0),
('PA134', N'condition ? expression1 : expression2', 'CNTT28_00035', 1),
('PA135', N'condition ? expression1 < expression2', 'CNTT28_00035', 0),
('PA136', N'condition = expression1 ? expression2', 'CNTT28_00035', 0),
('PA137', N'Đúng', 'CNTT28_00036', 1),
('PA138', N'Sai', 'CNTT28_00036', 0),
('PA139', N'a[7]', 'CNTT28_00037n', 0),
('PA140', N'a[6]', 'CNTT28_00037', 1),
('PA141', N'a(6)', 'CNTT28_00037', 0),
('PA142', N'a.get(6)', 'CNTT28_00037', 0),
('PA143', N'int array(10);', 'CNTT28_00038', 0),
('PA144', N'array int[10];', 'CNTT28_00038', 0),
('PA145', N'int array{10};', 'CNTT28_00038', 0),
('PA146', N'int anarray[10];', 'CNTT28_00038', 1),
('PA147', N'static', 'CNTT28_00039', 0),
('PA148', N'register', 'CNTT28_00039', 0),
('PA149', N'auto', 'CNTT28_00039', 0),
('PA150', N'class', 'CNTT28_00039', 1),
('PA151', N'574', 'CNTT28_00040', 0),
('PA152', N'15', 'CNTT28_00040', 0),
('PA153', N'6', 'CNTT28_00040', 0),
('PA154', N'7', 'CNTT28_00040', 1),
('PA155', N' Trong hàm main', 'CNTT28_00042', 0),
('PA156', N'Trong toàn bộ các file', 'CNTT28_00042', 0),
('PA157', N'Trong khối lệnh, hàm', 'CNTT28_00042', 0),
('PA158', N'Toàn cục', 'CNTT28_00042', 1),
('PA159', N'Toàn bộ các hàm', 'CNTT28_00043', 0),
('PA160', N'Trong hàm', 'CNTT28_00043', 1),
('PA161', N'Toàn cục', 'CNTT28_00043', 0),
('PA162', N'Trong toàn bộ các file', 'CNTT28_00043', 0),
('PA163', N'int:a', 'CNTT28_00044', 0),
('PA164', N'(int)a', 'CNTT28_00044', 1),
('PA165', N'convert(int,a)', 'CNTT28_00044', 0),
('PA166', N'toInt(a)', 'CNTT28_00044', 0),
('PA167', N'short int x;', 'CNTT28_00045', 1),
('PA168', N'sort x;', 'CNTT28_00045', 0),
('PA169', N'unsign short x;', 'CNTT28_00045', 0),
('PA170', N'sign short x;', 'CNTT28_00045', 0),
('PA171', N'"%e"', 'CNTT28_00046', 0),
('PA172', N'"%u"', 'CNTT28_00046', 0),
('PA173', N'"%p"', 'CNTT28_00046', 0),
('PA174', N'"%d"', 'CNTT28_00046', 1),
('PA175', N'scanf("%d", &N);', 'CNTT28_00047', 1),
('PA176', N'scanf("%f", &N);printf("%d", &N)', 'CNTT28_00047', 0),
('PA177', N'printf("%f", N);', 'CNTT28_00047', 0),
('PA178', N'biểu thức hằng', 'CNTT28_00048', 1),
('PA179', N'lời gọi hàm', 'CNTT28_00048', 0),
('PA180', N'mảng', 'CNTT28_00048', 0),
('PA181', N'biến số', 'CNTT28_00048', 0),
('PA182', N'Khi x bằng 100', 'CNTT28_00049', 0),
('PA183', N'Tất cả các phương án trên đều sai', 'CNTT28_00049', 0),
('PA184', N'Khi x nhỏ hơn 100', 'CNTT28_00049', 1),
('PA185', N'Khi x lớn hơn 100', 'CNTT28_00049', 0),
('PA186', N'0', 'CNTT28_00050', 0),
('PA187', N'Vô hạn', 'CNTT28_00050', 0),
('PA188', N'1', 'CNTT28_00050', 1),
('PA189', N'Biến đổi', 'CNTT28_00050', 0),
('PA190', N'Mọi lệnh sử dụng vòng lặp for có thể thay thế bởi vòng lặp while và ngược lại', 'CNTT28_00052', 0),
('PA191', N'Vòng lặp for thực hiện nhanh hơn vòng lặp while', 'CNTT28_00052', 1),
('PA192', N'Các câu lệnh trong vòng lặp for có thể không được thực hiện lần nào', 'CNTT28_00052', 0),
('PA193', N'for ( ; ; ) là một vòng lặp vô tận', 'CNTT28_00052', 0),
('PA194', N' Biểu thức if', 'CNTT28_00053', 0),
('PA195', N'if (biểu thức)', 'CNTT28_00053', 1),
('PA196', N'if biểu thức', 'CNTT28_00053', 0),
('PA197', N'if {biểu thức}', 'CNTT28_00053', 0),
('PA198', N'Đúng', 'CNTT28_00054', 1),
('PA199', N'Sai', 'CNTT28_00054', 0),
('PA200', N'Tham số hình thức hoặc tham số thực', 'CNTT28_00055', 0),
('PA201', N'Tham số hình thức', 'CNTT28_00055', 0),
('PA202', N'Tham số hình thức và tham số thực', 'CNTT28_00055', 0),
('PA203', N'Tham số thực', 'CNTT28_00055', 1),
('PA204', N'char', 'CNTT28_00056', 0),
('PA205', N'float', 'CNTT28_00056', 0),
('PA206', N'double', 'CNTT28_00056', 0),
('PA207', N'int', 'CNTT28_00056', 1),

('PA208', N'Tham số thực', 'TIHT02_00001', 0),
('PA209', N'Tham số hình thức hoặc tham số thực', 'TIHT02_00001', 0),
('PA210', N'Tham số hình thức và tham số thực', 'TIHT02_00001', 0),
('PA211', N'Tham số hình thức', 'TIHT02_00001', 1),
('PA212', N'void CheckAsc(int a[], int n);', 'TIHT02_00002', 0),
('PA213', N'int CheckAsc(int *a, int n);', 'TIHT02_00002', 1),
('PA214', N'long CheckAsc(int *S);', 'TIHT02_00002', 0),
('PA215', N'double CheckAsc(int S[], int n);', 'TIHT02_00002', 0),


('PA216', N'Phần mềm', 'TIHT02_00001', 0),
('PA217', N'Văn hóa', 'TIHT02_00001', 1),
('PA218', N'Phần cứng', 'TIHT02_00001', 0),
('PA219', N'Thủ tục', 'TIHT02_00001', 0),
('PA220', N'Phần mềm', 'TIHT02_00002', 1),
('PA221', N'Phần cứng', 'TIHT02_00002', 0),
('PA222', N'Dữ liệu', 'TIHT02_00002', 0),
('PA223', N'Thủ tục', 'TIHT02_00002', 0),
('PA224', N'Phần mềm', 'TIHT02_00003', 0),
('PA225', N'Phần cứng', 'TIHT02_00003', 1),
('PA226', N'Dữ liệu', 'TIHT02_00003', 0),
('PA227', N'Thủ tục', 'TIHT02_0003', 0),
('PA228', N'Phần mềm', 'TIHT02_00004', 1),
('PA229', N'Phần cứng', 'TIHT02_00004', 0),
('PA230', N'Dữ liệu', 'TIHT02_00004', 0),
('PA231', N'Thủ tục', 'TIHT02_00004', 1),
('PA232', N'Phần mềm', 'TIHT02_00005', 1),
('PA233', N'Phần cứng', 'TIHT02_00005', 0),
('PA234', N'Dữ liệu', 'TIHT02_00005', 1),
('PA235', N'Thủ tục', 'TIHT02_00005', 0),
('PA236', N'Phần mềm', 'TIHT02_00006', 1),
('PA237', N'Phần cứng', 'TIHT02_00006', 0),
('PA238', N'Dữ liệu', 'TIHT02_00006', 0),
('PA239', N'Thủ tục', 'TIHT02_00006', 0),
('PA240', N'tự động hóa', 'TIHT02_00007', 1),
('PA241', N'tích hợp', 'TIHT02_00007', 0),
('PA242', N'quản lý', 'TIHT02_00007', 0),
('PA243', N'tác nghiệp', 'TIHT02_00007', 0),
('PA244', N'Đúng', 'TIHT02_00008', 0),
('PA245', N'Sai', 'TIHT02_00008', 1),
('PA246', N'tập con; tập lớn', 'TIHT02_00009', 0),
('PA247', N'thông tin; dữ liệu', 'TIHT02_00009', 1),
('PA248', N'tri thức; thông tin', 'TIHT02_00009', 0),
('PA249', N'dữ liệu; thông tin', 'TIHT02_00009', 0),
('PA250', N'CD-ROM', 'TIHT02_00010', 0),
('PA251', N'DVD-R', 'TIHT02_00010', 0),
('PA252', N'CD-RW', 'TIHT02_00010', 1),
('PA253', N'DVD+R', 'TIHT02_00010', 0),
('PA254', N'Hệ điều hành', 'TIHT02_00011', 1),
('PA255', N'Máy in', 'TIHT02_00011', 0),
('PA256', N'Màn hình', 'TIHT02_00011', 0),
('PA257', N'Bộ xử lý trung tâm', 'TIHT02_00011', 0),
('PA258', N'Đúng', 'TIHT02_00012', 0),
('PA259', N'Sai', 'TIHT02_00012', 1),
('PA260', N'Ứng dụng xử lý lương theo lô', 'TIHT02_00013', 1),
('PA261', N'Hệ thống đặt vé máy bay', 'TIHT02_00013', 0),
('PA262', N'Trình duyệt Web', 'TIHT02_00013', 0),
('PA263', N'Hệ thống xử lý giao dịch trực tuyến', 'TIHT02_00013', 0),
('PA264', N'xử lý email', 'TIHT02_00014', 0),
('PA265', N'xử lý các trang web', 'TIHT02_00014', 0),
('PA266', N'xử lý văn bản', 'TIHT02_00014', 1),
('PA267', N'xử lý các CSDL lớn, chia sẻ cho nhiều người dùng', 'TIHT02_00014', 0),
('PA268', N'Chia sẻ các nguồn lực công nghệ', 'TIHT02_00015', 0),
('PA269', N'Chia sẻ dữ liệu', 'TIHT02_00015', 0),
('PA270', N'Tăng cường khả năng Marketing', 'TIHT02_00015', 0),
('PA271', N'Tất cả các lựa chọn trên', 'TIHT02_00015', 1),
('PA272', N'SQL', 'TIHT02_00016', 1),
('PA273', N'ASP', 'TIHT02_00016', 0),
('PA274', N'XML', 'TIHT02_00016', 0),
('PA275', N'PHP', 'TIHT02_00016', 0),
('PA276', N'Đúng', 'TIHT02_00017', 1),
('PA277', N'Sai', 'TIHT02_00017', 0),
('PA278', N'một nhóm các công ty', 'TIHT02_00018', 0),
('PA279', N'một nhóm khách lẻ', 'TIHT02_00018', 0),
('PA280', N'chính phủ', 'TIHT02_00018', 1),
('PA281', N'các công ty khác', 'TIHT02_00018', 0),
('PA282', N'có cấu trúc', 'TIHT02_00019', 1),
('PA283', N'không có cấu trúc', 'TIHT02_00019', 0),
('PA284', N'không có tài liệu', 'TIHT02_00019', 0),
('PA285', N'bán cấu trúc', 'TIHT02_00019', 0),
('PA286', N'có cấu trúc', 'TIHT02_00020', 1),
('PA287', N'không có cấu trúc', 'TIHT02_00020', 0),
('PA288', N'không có tài liệu', 'TIHT02_00020', 0),
('PA289', N'bán cấu trúc', 'TIHT02_00020', 0),
('PA290', N'Phát triển HTTT chỉ đề cập đến ba thành phần: phần cứng, phần mềm và dữ liệu', 'TIHT02_00021', 0),
('PA291', N'Phát triển HTTT có phạm vi hẹp hơn rất nhiều so với phát triển các chương trình', 'TIHT02_00021', 0),
('PA292', N'Phát triển HTTT là một hoạt động thuần túy mang tính kỹ thuật', 'TIHT02_00021', 0),
('PA293', N'Phát triển HTTT đòi hỏi có sự phối hợp làm việc nhóm giữa chuyên gia HTTT và người sử dụng, những người có tri thức và hiểu biết về nghiệp vụ', 'TIHT02_00021', 1),
('PA294', N'Làm việc với người sử dụng để xác định các yêu cầu hệ thống', 'TIHT02_00022', 1),
('PA295', N'Sửa chữa các thiết bị máy tính', 'TIHT02_00022', 0),
('PA296', N'Thiết kế và viết các chương trình máy tính', 'TIHT02_00022', 0),
('PA297', N'Viết tài liệu hướng dẫn sử dụng chương trình', 'TIHT02_00022', 0),
('PA298', N'Phân tích viên hệ thống', 'TIHT02_00023', 0),
('PA299', N'Quản trị mạng', 'TIHT02_00023', 0),
('PA300', N'Bộ phận hỗ trợ người sử dụng', 'TIHT02_00023', 1),
('PA301', N'Kỹ sư thử nghiệm chương trình phần mềm', 'TIHT02_00023', 0),
('PA302', N'Đúng', 'TIHT02_00024', 0),
('PA303', N'Sai', 'TIHT02_00024', 1),
('PA304', N' Xử lý đơn hàng tự động ', 'TIHT02_00025', 1),
('PA305', N'Thiết kế có trợ giúp của máy tính', 'TIHT02_00025', 0),
('PA306', N'Lập kế hoạch nhân sự tự động ', 'TIHT02_00025', 0),
('PA307', N'Mua sắm phụ tùng trực tuyến', 'TIHT02_00025', 0),
('PA308', N'xác định và nhắm tới các khách hàng tiềm năng nhất ', 'TIHT02_00026', 0),
('PA309', N' tùy chỉnh và cá nhân hóa sản phẩm theo nhu cầu của khách hàng', 'TIHT02_00026', 0),
('PA310', N'áp dụng kinh nghiệm chăm sóc và dịch vụ khách hàng có chất lượng cao cho mọi điểm giao dịch', 'TIHT02_00026', 0),
('PA311', N'cả a, b và c đều đúng', 'TIHT02_00026', 1),
('PA312', N'thương mại trực tuyến', 'TIHT02_00027', 0),
('PA313', N'thương mại điều khiển học', 'TIHT02_00027', 0),
('PA314', N'kinh doanh các mặt hàng điện tử ', 'TIHT02_00027', 1),
('PA315', N'thương mại không giấy tờ', 'TIHT02_00027', 0),
('PA316', N'đặt hàng, thanh toán, thông tin, giao hàng, hỗ trợ sau bán hàng', 'TIHT02_00028', 0),
('PA317', N' thông tin, đặt hàng, thanh toán, giao hàng, hỗ trợ sau bán hàng', 'TIHT02_00028', 1),
('PA318', N'thông tin, đặt hàng, thanh toán, giao hàng, kiểm tra mức tồn kho ', 'TIHT02_00028', 0),
('PA319', N'đặt hàng, giao hàng, thanh toán, thông tin, hỗ trợ sau bán hàng', 'TIHT02_00028', 0),
('PA320', N'duy trì và tôn vinh khách hàng trung thành ', 'TIHT02_00029', 0),
('PA321', N'marketing và đáp ứng đơn hàng', 'TIHT02_00029', 0),
('PA322', N'lựa chọn nhà cung cấp NVL và thương thảo giá cả', 'TIHT02_00029', 1),
('PA323', N'quản trị thông tin liên hệ và giao dịch khách hàng', 'TIHT02_00029', 0),
('PA324', N'hệ thống thông tin sản xuất mức tác nghiệp', 'TIHT02_00030', 0),
('PA325', N'hệ thống thông tin sản xuất mức chiến thuật', 'TIHT02_00030', 1),
('PA326', N'hệ thống thông tin sản xuất mức chiến lược', 'TIHT02_00030', 0),
('PA327', N'hệ thống thông tin quản lý tiến độ sản xuất', 'TIHT02_00030', 0),
('PA328', N'Material Request Plan ', 'TIHT02_00031', 0),
('PA', N'Material Requirement Production', 'TIHT02_00031', 0),
('PA330', N' Material Requirement Planning', 'TIHT02_00031', 1),
('PA331', N'Material Request Production', 'TIHT02_00031', 0),
('PA332', N'chi phí bảo trì phần cứng', 'TIHT02_00032', 0),
('PA333', N'chi phí bảo trì phần mềm', 'TIHT02_00032', 0),
('PA334', N'chi phí chuyển đổi dữ liệu', 'TIHT02_00032', 1),
('PA335', N'chi phí nhân công sử dụng hệ thống', 'TIHT02_00032', 0),
('PA336', N'của cả người sử dụng và chuyên gia phân tích hệ thống', 'TIHT02_00033', 1),
('PA337', N' của riêng người sử dụng', 'TIHT02_00033', 0),
('PA338', N'của riêng chuyên gia phân tích hệ thống', 'TIHT02_00033', 0),
('PA339', N'của bên thứ ba', 'TIHT02_00033', 0),
('PA340', N'Đắt hơn', 'TIHT02_00034', 0),
('PA341', N'Phần mềm mua sẵn hiếm khi đáp ứng nhu cầu đặc thù của tổ chức', 'TIHT02_00034', 1),
('PA342', N'Cần nhiều thời gian hơn cho việc triển khai vì tính phức tạp của phần mềm', 'TIHT02_00035', 0),
('PA343', N'Không có tài liệu kèm theo', 'TIHT02_00035', 0),
('PA344', N'Lợi ích vô hình', 'TIHT02_00036', 0),
('PA345', N'Lợi ích hữu hình ', 'TIHT02_00036', 0),
('PA346', N'Cả a và b', 'TIHT02_00036', 1),
('PA347', N'Cả a và b đều không đúng', 'TIHT02_00036', 0),
('PA348', N'Phân tích, thiết kế, thử nghiệm, lập trình, chuyển đổi hệ thống, khai thác & bảo trì hệ thống ', 'TIHT02_00037', 0),
('PA349', N'Phân tích, thiết kế, thử nghiệm, lập trình, khai thác & bảo trì hệ thống, chuyển đổi hệ thống ', 'TIHT02_00037', 0),
('PA350', N'Phân tích, thiết kế, lập trình, thử nghiệm, khai thác & bảo trì hệ thống, chuyển đổi hệ thống ', 'TIHT02_00037', 0),
('PA351', N'Phân tích, thiết kế, lập trình, thử nghiệm, chuyển đổi hệ thống, khai thác & bảo trì hệ thống', 'TIHT02_00037', 1),
('PA352', N'Thiết kế giao diện vào/ ra, thiết kế CSDL và thiết kế tài liệu hướng dẫn sử dụng', 'TIHT02_00038', 0),
('PA353', N'Thiết kế giao diện vào/ ra, thiết kế CSDL và thiết kế logic xử lí', 'TIHT02_00038', 1),
('PA354', N'Thiết kế CSDL, thiết kế logic xử lí và thiết kế biểu mẫu nhập liệu', 'TIHT02_00038', 0),
('PA355', N'Thiết kế logic xử lí, thiết kế báo cáo đầu ra và thiết kế CSDL', 'TIHT02_00038', 0),
('PA356', N'Chuyển đổi trực tiếp, chuyển đổi song song, chuyển đổi một lần và chuyển đổi theo pha', 'TIHT02_00039', 0),
('PA357', N' Chuyển đổi trực tiếp, chuyển đổi song song, chuyển đổi theo pha và chuyển đổi thí điểm', 'TIHT02_00039', 1),
('PA358', N'Chuyển đổi theo pha, chuyển đổi thí điểm, chuyển đổi trực tiếp và chuyển đổi nhiều lần ', 'TIHT02_00039', 0),
('PA359', N'Chuyển đổi song song, chuyển đổi trực tiếp, chuyển đổi thí điểm và chuyển đổi tạm thời', 'TIHT02_00039', 0),
('PA360', N'Lập kế hoạch và triển khai tốt hoạt động đào tạo người sử dụng ', 'TIHT02_00040', 0),
('PA361', N' Xây dựng giao diện mang tính thân thiện, dễ dùng đối với người sử dụng ', 'TIHT02_00040', 0),
('PA362', N'Phát huy tối đa vai trò của người sử dụng trong quá trình phát triển HTTT', 'TIHT02_00040', 0),
('PA363', N'Cả a, b và c', 'TIHT02_00040', 1),
('PA364', N'kỹ sư phần mềm', 'TIHT02_00041', 0),
('PA365', N'cán bộ quản trị cơ sở dữ liệu', 'TIHT02_00041', 0),
('PA366', N'cán bộ quản lý dự án', 'TIHT02_00041', 0),
('PA367', N'cán bộ phân tích hệ thống', 'TIHT02_00041', 1),
('PA368', N'thử nghiệm', 'TIHT02_00042', 0),
('PA369', N'theo pha', 'TIHT02_00042', 1),
('PA370', N'song song', 'TIHT02_00042', 0),
('PA371', N'trực tiếp', 'TIHT02_00042', 0),
('PA372', N'triển khai ', 'TIHT02_00043', 0),
('PA373', N'bảo trì', 'TIHT02_00043', 1),
('PA374', N'phân tích yêu cầu', 'TIHT02_00043', 0),
('PA375', N'thiết kế', 'TIHT02_00043', 0),
('PA376', N'là dạng tội phạm nhắm tới các máy tính điện tử ', 'TIHT02_00044', 0),
('PA377', N'là dạng tội phạm nhắm tới các hệ thống mạng điện tử', 'TIHT02_00044', 0),
('PA378', N' là dạng tội phạm có sử dụng máy tính hoặc một phương tiện điện tử trong quá trình thực hiện tội phạm', 'TIHT02_00044', 1),
('PA379', N'cả a và b', 'TIHT02_00044', 0),
('PA380', N'Đúng', 'TIHT02_00045', 0),
('PA381', N'Sai', 'TIHT02_00045', 1),


--- Bảng đề thi
CREATE TABLE DeThi(
	MaDeThi VARCHAR(50) PRIMARY KEY,
	TenDeThi NVARCHAR(512) NULL,
	 MaGV VARCHAR(50), 
MaMon VARCHAR(50), 
CONSTRAINT FK_DeThi_GiangVien FOREIGN KEY (MaGV) REFERENCES GiangVien(MaGV) ON DELETE CASCADE, 
CONSTRAINT FK_DeThi_MonHoc FOREIGN KEY (MaMon) REFERENCES MonHoc(MaMon) ON DELETE CASCADE
);


INSERT INTO DeThi (MaDeThi, TenDeThi, MaGV, MaMon) VALUES
	(DT0001, Ôn tập giữa kỳ, 0170245, cCNTT28);

---Bảng chi tiết đề thi
CREATE TABLE ChiTietDeThi(
	MaDeThi VARCHAR(50), 
MaCauHoi VARCHAR(50), 
PRIMARY KEY (MaDeThi, MaCauHoi), 
CONSTRAINT FK_ChiTietDeThi_DeThi FOREIGN KEY (MaDeThi) REFERENCES DeThi(MaDeThi) ON DELETE CASCADE, 
CONSTRAINT FK_ChiTietDeThi_CauHoi FOREIGN KEY (MaCauHoi) REFERENCES CauHoi(MaCauHoi) ON DELETE CASCADE
);


INSERT INTO ChiTietDeThi (MaDeThi, MaCauHoi) VALUES
	(DT0001, CNTT28_00001),
	(DT0001, CNTT28_00002),
	(DT0001, CNTT28_00003),
	(DT0001, CNTT28_00004),
	(DT0001, CNTT28_00005),
	(DT0001, CNTT28_00006),
	(DT0001, CNTT28_00007),
	(DT0001, CNTT28_00008),
	(DT0001, CNTT28_00009),
	(DT0001, CNTT28_00010),
	(DT0001, CNTT28_00011),
	(DT0001, CNTT28_00012),
	(DT0001, CNTT28_00013),
	(DT0001, CNTT28_00014),
	(DT0001, CNTT28_00015),
	(DT0001, CNTT28_00016),
	(DT0001, CNTT28_00017),
	(DT0001, CNTT28_00018),
	(DT0001, CNTT28_00019),
	(DT0001, CNTT28_00020),

	
--- Bảng bài thi
CREATE TABLE BaiThi(
	MaBaiThi VARCHAR(50) PRIMARY KEY,
	TenBaiThi NVARCHAR(512) NOT NULL,
	MoTa TEXT NULL,
	MaDeThi VARCHAR(50) REFERENCES DeThi(MaDeThi),
	TGBatDau DATETIME NOT NULL,
	TGKetThuc DATETIME NOT NULL,
	ThoiLuong INT NOT NULL,
	HienThiDiem BIT DEFAULT 0,
	XemBaiLam BIT DEFAULT 0,
	TronCauHoi BIT DEFAULT 0,
	GV VARCHAR(50) REFERENCES GiangVien(MaGV) ON DELETE CASCADE,
	LopHP VARCHAR(50) REFERENCES LopHP(MaLHP) ON DELETE CASCADE
);

Dữ liệu:
INSERT INTO BaiThi (MaBaiThi, TenBaiThi, MoTa, MaDeThi, TGBatDau, TGKetThuc, ThoiLuong, HienThiDiem, XemBaiLam, TronCauHoi, GV, LopHP)
VALUES
('CNTT2801_BT001', N'Bài thi Cơ sở lập trình', N'Bài thi kiểm tra kiến thức cơ bản về cơ sở lập trình', '2024-11-20 08:00:00', '2024-11-20 10:00:00', 120, 0, 0, 0,  '0170245', 'CNTT28');

--- Bảng trạng thái bài thi
CREATE TABLE TrangThai(
	MaTrangThai VARCHAR(50) PRIMARY KEY,
	TenTrangThai NVARCHAR(256) NOT NULL
);
INSERT INTO TrangThai (MaTrangThai, TenTrangThai) VALUES ('TT01', N'Đang chờ'), ('TT02', N'Đang diễn ra'), ('TT03', N'Đã hoàn thành'), ('TT04', N'Hủy bỏ');

--- Bảng bài làm sinh viên
CREATE TABLE BaiLam(
	MaBaiLam VARCHAR(50) PRIMARY KEY,
	MaSV VARCHAR(50) REFERENCES SinhVien(MaSV) ON DELETE CASCADE,
	MaBaiThi VARCHAR(50) REFERENCES BaiThi(MaBaiThi) ON DELETE CASCADE,
	BatDau DATETIME DEFAULT GETDATE(),
	KetThuc DATETIME,
	TrangThai VARCHAR(50) REFERENCES TrangThai(MaTrangThai),
	SoCauNop INT DEFAULT 0,
    	SoCauDung INT DEFAULT 0,
    	SoCauSai INT DEFAULT 0,
    	Diem FLOAT DEFAULT 0,
    	UNIQUE (MaBaiThi, MaSV)
);

INSERT INTO BaiLam (MaBaiLam, MaSV, MaBaiThi, BatDau, KetThuc, TrangThai, SoCauNop, SoCauDung, SoCauSai, Diem)
VALUES
('BL00001', '11228686', 'CNTT2801_BT001', '2024-11-20 08:05:00', '2024-11-20 09:50:00', 'TT03', 50, 45, 5, 9.0),

('BL002', '11228601', 'BT_CNTT28', '2024-11-20 08:10:00', '2024-11-20 10:00:00', 'TT03', 50, 40, 10, 8.0),
('BL003', '11228602', 'BT_CNTT28', '2024-11-21 08:00:00', '2024-11-21 10:00:00', 'TT03', 50, 35, 15, 7.0),
('BL004', '11228603', 'BT_CNTT28', '2024-11-21 08:20:00', '2024-11-21 09:50:00', 'TT03', 50, 45, 5, 9.0),
('BL005', '11228604', 'BT_CNTT28', '2024-11-22 09:00:00', '2024-11-22 11:00:00', 'TT03', 50, 40, 10, 8.0),
('BL006', '11228605', 'BT_CNTT28', '2024-11-22 09:15:00', '2024-11-22 10:50:00', 'TT03', 50, 30, 20, 6.0),
('BL007', '11228606', 'BT_CNTT28', '2024-11-23 09:00:00', '2024-11-23 10:55:00', 'TT03', 50, 25, 25, 5.0),
('BL008', '11228607', 'BT_CNTT28', '2024-11-23 09:05:00', '2024-11-23 11:00:00', 'TT03', 50, 40, 10, 8.0),
('BL009', '11228608', 'BT_QTM01', '2024-11-24 08:00:00', '2024-11-24 10:00:00', 'TT03', 50, 38, 12, 7.6),
('BL010', '11228609', 'BT_QTM02', '2024-11-25 08:10:00', '2024-11-25 10:00:00', 'TT03', 50, 40, 10, 8.0),
('BL011', '11228610', 'BT_PTUD01', '2024-11-26 10:00:00', '2024-11-26 12:00:00', 'TT03', 50, 48, 2, 9.6),
('BL012', '11228611', 'BT_HDH01', '2024-11-27 08:30:00', '2024-11-27 10:20:00', 'TT03', 50, 35, 15, 7.0),
('BL013', '11228612', 'BT_QTTT01', '2024-11-28 13:00:00', '2024-11-28 15:00:00', 'TT02', 0, 0, 0, 0.0),
('BL014', '11228613', 'BT_TACN01', '2024-11-29 09:00:00', NULL, 'TT01', 0, 0, 0, 0.0),
('BL015', '11228686', 'BT_TACN01', '2024-11-29 09:05:00', NULL, 'TT01', 0, 0, 0, 0.0);




--- Bảng ChiTietBaiLam
CREATE TABLE ChiTietBaiLam(
	MaBaiLam VARCHAR(50), 
MaCauHoi VARCHAR(50), 
MaPhuongAn VARCHAR(50),
	ThoiGianTraLoi DATETIME,
PRIMARY KEY (MaBaiLam, MaCauHoi, MaPhuongAn), 
CONSTRAINT FK_ChiTietBaiLam_BaiLam FOREIGN KEY (MaBaiLam) REFERENCES BaiLam(MaBaiLam) ON DELETE CASCADE, 
CONSTRAINT FK_ChiTietBaiLam_CauHoi FOREIGN KEY (MaCauHoi) REFERENCES CauHoi(MaCauHoi), 
CONSTRAINT FK_ChiTietBaiLam_PhuongAn FOREIGN KEY (MaPhuongAn) REFERENCES PhuongAn(MaPhuongAn) 
);


---Bảng Danh sách sinh viên từng LHP
CREATE TABLE SV_LopHP (
    MaSV VARCHAR(50) NOT NULL,
    MaLHP VARCHAR(50) REFERENCES LopHocPhan(MaLHP) ON DELETE CASCADE
);
